Keyword,Monthly Volume,KD,Competitor Sources
ai regulation news,74000,38,techpolicy
ai transformation is a problem of governance,74000,6,techpolicy
mr deepfake,27100,42,techpolicy
agi meaning,22200,52,techpolicy
mr deepfakes,22200,55,techpolicy
ai safety news,18100,47,futureoflife
biometrics and,18100,65,eff
undressing ai,18100,34,techpolicy
face recognition,14800,72,eff
ai undress,14800,40,techpolicy
against machines,12100,44,stopkillerrobots
facial recognition,12100,65,eff
ai regulation updates today,12100,71,techpolicy
copyright ai news,9900,45,eff
ai news today december 14 2025,8100,55,futureoflife
superintelligence,8100,85,futureoflife
facial recognition system,8100,59,"algorithmwatch, eff"
ai nudify,8100,49,techpolicy
artificial intelligence undressing,6600,54,techpolicy
stable diffusion artificial intelligence,6600,87,techpolicy
empire of ai,6600,61,techpolicy
ai regulation news today october 2025,5400,60,"futureoflife, techpolicy"
mr deepfakes porn,5400,40,techpolicy
benefits of ai,4400,70,futureoflife
automated targeting system,4400,34,eff
preplexity ai,4400,85,techpolicy
eu ai act news october 2025,4400,22,techpolicy
ai undress app,4400,42,techpolicy
eu ai act news today november 2025,4400,37,techpolicy
ai bubble burst,4400,60,techpolicy
undress ai app,4400,32,techpolicy
copyright ai lawsuit news today,3600,62,eff
ray ban meta ai glasses,3600,65,eff
ai nudes app,3600,45,techpolicy
taylor swift deepfake,3600,73,techpolicy
chatgpt suicide,3600,78,techpolicy
undress her ai,3600,44,techpolicy
placer.ai,2900,33,themarkup
automated license plate scanners,2900,59,eff
openai news october 18 2025,2900,69,techpolicy
taylor swift deepfakes,2900,32,techpolicy
ai sex generator,2900,11,techpolicy
future of artificial intelligence,2400,69,futureoflife
sites that are against ai in aerospace,2400,13,futureoflife
ai action plan,2400,56,futureoflife
does ai use a lot of water,2400,55,themarkup
ai governance improvement,2400,48,cdt
facial recognition software,2400,31,eff
biometric data,2400,42,eff
taylor swift deepfake porn,2400,66,techpolicy
ai regulation 2025 us,2400,52,techpolicy
ai undress generator,2400,44,techpolicy
adam raine chatgpt transcript,2400,41,techpolicy
undress me ai,2400,49,techpolicy
aisi,1900,59,"futureoflife, techpolicy"
ai energy consumption,1900,80,algorithmwatch
ai governance leadership,1900,30,cdt
ai copyright lawsuit news,1900,39,eff
does uplifted have facial recognition,1900,22,eff
best ai undress,1900,30,techpolicy
google ai news december 2025,1900,33,techpolicy
ai expansion in government in 2026,1900,7,techpolicy
agi news,1900,37,techpolicy
nist ai safety news,1900,36,techpolicy
chatgpt suiside,1900,77,techpolicy
baby generator ai,1900,55,techpolicy
ai generated sex,1900,43,techpolicy
ai news december 14 2025,1900,38,techpolicy
ai regulation news today december 22 2025,1900,30,techpolicy
ai nude app,1900,50,techpolicy
deepfake sex,1900,39,techpolicy
ai expansion in government in 2026 starts 1/1/2026,1900,26,techpolicy
japan ai regulation news october 2025,1900,14,techpolicy
eu ai act updates october 2025,1900,42,techpolicy
undress ai site,1900,67,techpolicy
ai safety,1600,67,futureoflife
artificial intelligence future,1600,68,futureoflife
ai regulation news today december 26 2025,1600,17,futureoflife
ai.art-amber.com website safety security analysis,1600,26,futureoflife
future artificial intelligence,1600,50,futureoflife
air gapped,1600,36,eff
ai undressor,1600,48,techpolicy
ai companions,1600,64,techpolicy
agif,1600,31,techpolicy
ai water consumption,1600,59,techpolicy
agi artificial intelligence,1600,61,techpolicy
indigenous people ai,1600,50,techpolicy
is this image ai generated,1600,66,techpolicy
us ai policy news,1600,61,techpolicy
japan ai regulation news december 2025,1600,15,techpolicy
invisible ai,1600,67,techpolicy
sexually explicit ai,1600,57,techpolicy
robot txt,1600,74,techpolicy
one street over mumbai,1600,16,techpolicy
robots protocol,1600,0,techpolicy
trump ai address,1600,42,techpolicy
eu ai act news today october 2025,1600,63,techpolicy
big beautiful bill ai,1600,36,techpolicy
future ai,1300,76,futureoflife
the age of surveillance capitalism,1300,60,futureoflife
chief ai officer,1300,44,futureoflife
ai regulation news today december 15 2025,1300,41,"futureoflife, techpolicy"
unesco recommendation on the ethics of artificial intelligence 2021 pdf,1300,44,algorithmwatch
predictive policing,1300,49,"algorithmwatch, techpolicy, themarkup"
ai act,1300,75,"algorithmwatch, techpolicy"
ai dangers,1300,71,"algorithmwatch, techpolicy"
lavender ai,1300,43,stopkillerrobots
killer robots,1300,76,stopkillerrobots
governed enablement ai,1300,6,cdt
colorado ai act,1300,42,cdt
lockin ai,1300,44,"cdt, techpolicy"
ai wiki,1300,63,aiimpacts
ai governance paralysis,1300,12,techpolicy
section ai,1300,43,techpolicy
deepfake nude generator,1300,28,techpolicy
trump ai speech,1300,34,techpolicy
is deepfake porn illegal,1300,48,techpolicy
undeess ai,1300,50,techpolicy
ai undress nude,1300,67,techpolicy
ai regulation news today eu ai act 2025,1300,68,techpolicy
undressed ai app,1300,56,techpolicy
nudify ai app,1300,52,techpolicy
ai feet,1300,5,techpolicy
japan ai regulation news today october 2025,1300,19,techpolicy
ai replace,1300,50,techpolicy
trump executive order ai,1300,45,techpolicy
deepfake nudify,1300,41,techpolicy
scary ai,1300,50,techpolicy
trump ai summit,1300,37,techpolicy
ai undress apps,1300,65,techpolicy
ai image detection,1300,58,techpolicy
chatgpt lawsuit,1300,21,techpolicy
big beautiful bill ai regulation,1300,29,techpolicy
trump ai action plan,1300,69,techpolicy
ai-nudes app,1300,45,techpolicy
law and ai,1300,72,techpolicy
eu ai act updates today,1300,69,techpolicy
nudifier ai,1300,33,techpolicy
500 billion ai investment,1300,70,techpolicy
ai power,1300,34,techpolicy
vance ai,1300,54,techpolicy
undressing.ai,1300,32,techpolicy
ai laws,1300,67,techpolicy
aiden kerr,1300,27,techpolicy
risks of ai,1000,62,futureoflife
artificial intelligence open,1000,97,futureoflife
ai news today september 27 2025,1000,53,futureoflife
the future of artificial intelligence,1000,54,futureoflife
stop ai,1000,45,"futureoflife, stopkillerrobots"
european ai act,1000,89,"algorithmwatch, cdt"
killer robot,1000,70,stopkillerrobots
why does ai use so much water,1000,53,themarkup
how much water is used for ai,1000,64,themarkup
turnitin ai detector says i used ai but i didn't,1000,25,themarkup
ai governance trends,1000,34,cdt
us ai executive order updates today,1000,61,cdt
impact of ai,1000,77,aiimpacts
nudifying ai,1000,34,techpolicy
undrees ai,1000,57,techpolicy
ropenai,1000,96,techpolicy
us ai,1000,57,techpolicy
chaarcter ai,1000,82,techpolicy
mirror ai,1000,44,techpolicy
taylor swift ai nude,1000,70,techpolicy
ai governance assessment,1000,20,techpolicy
deepfakes definition,1000,80,techpolicy
undress with ai,1000,64,techpolicy
indigenous women ai,1000,33,techpolicy
guardrails ai,1000,51,techpolicy
center for ai safety,1000,52,techpolicy
hallmark online,1000,62,techpolicy
sovereign.ai,1000,55,techpolicy
rorkai,1000,95,techpolicy
tay ai,880,87,futureoflife
ai regulation news today september 29 2025,880,63,futureoflife
ai instittute papers,880,36,futureoflife
ai governance wake-up call medium,880,4,futureoflife
ai watch,880,49,algorithmwatch
unesco recommendation on the ethics of artificial intelligence 2021,880,23,algorithmwatch
draft machine ai,880,42,stopkillerrobots
killing robot,880,68,stopkillerrobots
blocking robots,880,42,cdt
schools ai,880,82,cdt
ai reducing bias in government,880,47,cdt
ai impact on service jobs,880,71,aiimpacts
advantages artificial intelligence,720,63,futureoflife
ai action summit,720,50,futureoflife
artificial intelligence action summit,720,51,"algorithmwatch, futureoflife"
what is the purpose of ai,720,70,futureoflife
superintelligence nick bostrom,720,56,futureoflife
ai news today september 29 2025,720,61,futureoflife
ai benchmark news,720,37,themarkup
sag-aftra ai news,720,41,cdt
colorado artificial intelligence act,720,57,cdt
ai governance business documents,720,8,cdt
jon ossoff deepfake,720,37,cdt
real looking id to pass chai age identifier,720,18,cdt
wiki ai,720,59,aiimpacts
future with ai,720,59,aiimpacts
ai effect,720,66,aiimpacts
